<?xml version="1.0" encoding="utf-8"?>
<categories xmlns:xsi="http://www.w3.org/2001/XMLSchema-instance" xmlns:xsd="http://www.w3.org/2001/XMLSchema">
  <banner_ad sd_img="http://rokudev.roku.com/rokudev/examples/videoplayer/images/missing.png" hd_img="http://rokudev.roku.com/rokudev/examples/videoplayer/images/missing.png" />
  <specialCategory title="About" type="special_category" subtype="ABOUT" description="About MyVideoBuzz" sd_img="pkg:/images/About.jpg" hd_img="pkg:/images/About.jpg" />
  <specialCategory title="Settings" type="special_category" subtype="YTUSERNAME1" description="Add User Account" sd_img="pkg:/images/Settings.jpg" hd_img="pkg:/images/Settings.jpg" />
  <specialCategory title="Search" type="special_category" subtype="YTSEARCH" description="Search for Videos" sd_img="pkg:/images/Search.jpg" hd_img="pkg:/images/Search.jpg" />
  <category title="Nursery Rhymes"
  description="Nursery Rhymes for kids"
  sd_img="pkg:/images/NurseryRhymes.jpg"
  hd_img="pkg:/images/NurseryRhymes.jpg">
    <categoryLeaf title="VideoBuzz Top Videos" description="VideoBuzz Top Videos" feed="http://gdata.youtube.com/feeds/api/playlists/PLPkgDPNh4QsTrLCcjAfoJl9YzGu9m10Lt?v=2&amp;start-index=1&amp;max-results=50" />
    <categoryLeaf title="Mickey Mouse" description="Mickey Mouse" feed="http://gdata.youtube.com/feeds/api/playlists/PLPkgDPNh4QsSgZz_rqzfo2-mE0_eobXyH?v=2&amp;start-index=1&amp;max-results=50" />
  </category>
    <category title="Top Channels"
  description="Most Subscribed Channels"
  sd_img="pkg:/images/TopChannels.jpg"
  hd_img="pkg:/images/TopChannels.jpg">
    <categoryLeaf title="Smosh" description="Smosh" feed="http://gdata.youtube.com/feeds/api/users/Smosh/uploads?v=2&amp;start-index=1&amp;max-results=50" />
    <categoryLeaf title="RayWilliamJohnson" description="RayWilliamJohnson" feed="http://gdata.youtube.com/feeds/api/users/RayWilliamJohnson/uploads?v=2&amp;start-index=1&amp;max-results=50" />
    <categoryLeaf title="Jenna Marbles" description="JennaMarbles" feed="http://gdata.youtube.com/feeds/api/users/JennaMarbles/uploads?v=2&amp;start-index=1&amp;max-results=50" />
    <categoryLeaf title="nigahiga" description="nigahiga" feed="http://gdata.youtube.com/feeds/api/users/nigahiga/uploads?v=2&amp;start-index=1&amp;max-results=50" />
    <categoryLeaf title="RihannaVEVO" description="RihannaVEVO" feed="http://gdata.youtube.com/feeds/api/users/RihannaVEVO/uploads?v=2&amp;start-index=1&amp;max-results=50" />
    <categoryLeaf title="machinima" description="machinima" feed="http://gdata.youtube.com/feeds/api/users/machinima/uploads?v=2&amp;start-index=1&amp;max-results=50" />
    <categoryLeaf title="PewDiePie" description="PewDiePie" feed="http://gdata.youtube.com/feeds/api/users/PewDiePie/uploads?v=2&amp;start-index=1&amp;max-results=50" />
    <categoryLeaf title="OneDirectionVEVO" description="OneDirectionVEVO" feed="http://gdata.youtube.com/feeds/api/users/OneDirectionVEVO/uploads?v=2&amp;start-index=1&amp;max-results=50" />
    <categoryLeaf title="HolaSoyGerman" description="HolaSoyGerman" feed="http://gdata.youtube.com/feeds/api/users/HolaSoyGerman/uploads?v=2&amp;start-index=1&amp;max-results=50" />
    <categoryLeaf title="freddiew" description="freddiew" feed="http://gdata.youtube.com/feeds/api/users/freddiew/uploads?v=2&amp;start-index=1&amp;max-results=50" />
    <categoryLeaf title="TheEllenShow" description="TheEllenShow" feed="http://gdata.youtube.com/feeds/api/users/TheEllenShow/uploads?v=2&amp;start-index=1&amp;max-results=50" />
    <categoryLeaf title="College Humor" description="collegehumor" feed="http://gdata.youtube.com/feeds/api/users/collegehumor/uploads?v=2&amp;start-index=1&amp;max-results=50" />
    <categoryLeaf title="ShaneDawsonTV" description="ShaneDawsonTV" feed="http://gdata.youtube.com/feeds/api/users/ShaneDawsonTV/uploads?v=2&amp;start-index=1&amp;max-results=50" />
    <categoryLeaf title="EpicMealTime" description="EpicMealTime" feed="http://gdata.youtube.com/feeds/api/users/EpicMealTime/uploads?v=2&amp;start-index=1&amp;max-results=50" />
  </category>
  <category title="Top Rated" description="Top Rated" sd_img="pkg:/images/TopRated.jpg" hd_img="pkg:/images/TopRated.jpg">
    <categoryLeaf title="Today" description="Today" feed="http://gdata.youtube.com/feeds/api/standardfeeds/top_rated?v=2&amp;max-results=50&amp;time=today" />
    <categoryLeaf title="This Week" description="This Week" feed="http://gdata.youtube.com/feeds/api/standardfeeds/top_rated?v=2&amp;max-results=50&amp;time=this_week" />
    <categoryLeaf title="This Month" description="This Month" feed="http://gdata.youtube.com/feeds/api/standardfeeds/top_rated?v=2&amp;max-results=50&amp;time=this_month" />
    <categoryLeaf title="All Time" description="All Time" feed="http://gdata.youtube.com/feeds/api/standardfeeds/top_rated?v=2&amp;max-results=50&amp;time=all_time" />
  </category>
  <category title="Most Discussed" description="Most Discussed" sd_img="pkg:/images/MostDiscussed.jpg" hd_img="pkg:/images/MostDiscussed.jpg">
    <categoryLeaf title="Today" description="Today" feed="http://gdata.youtube.com/feeds/api/standardfeeds/most_discussed?v=2&amp;max-results=50&amp;time=today" />
    <categoryLeaf title="This Week" description="This Week" feed="http://gdata.youtube.com/feeds/api/standardfeeds/most_discussed?v=2&amp;max-results=50&amp;time=this_week" />
    <categoryLeaf title="This Month" description="This Month" feed="http://gdata.youtube.com/feeds/api/standardfeeds/most_discussed?v=2&amp;max-results=50&amp;time=this_month" />
    <categoryLeaf title="All Time" description="All Time" feed="http://gdata.youtube.com/feeds/api/standardfeeds/most_discussed?v=2&amp;max-results=50&amp;time=all_time" />
  </category>
  <category title="Top Favorites" description="Top Favorites" sd_img="pkg:/images/TopFavorites.jpg" hd_img="pkg:/images/TopFavorites.jpg">
    <categoryLeaf title="Today" description="Today" feed="http://gdata.youtube.com/feeds/api/standardfeeds/top_favorites?v=2&amp;max-results=50&amp;time=today" />
    <categoryLeaf title="This Week" description="This Week" feed="http://gdata.youtube.com/feeds/api/standardfeeds/top_favorites?v=2&amp;max-results=50&amp;time=this_week" />
    <categoryLeaf title="This Month" description="This Month" feed="http://gdata.youtube.com/feeds/api/standardfeeds/top_favorites?v=2&amp;max-results=50&amp;time=this_month" />
    <categoryLeaf title="All Time" description="All Time" feed="http://gdata.youtube.com/feeds/api/standardfeeds/top_favorites?v=2&amp;max-results=50&amp;time=all_time" />
  </category>
  <category title="Most Responded" description="Most Responded" sd_img="pkg:/images/MostResponded.jpg" hd_img="pkg:/images/MostResponded.jpg">
    <categoryLeaf title="Today" description="Today" feed="http://gdata.youtube.com/feeds/api/standardfeeds/most_responded?v=2&amp;max-results=50&amp;time=today" />
    <categoryLeaf title="This Week" description="This Week" feed="http://gdata.youtube.com/feeds/api/standardfeeds/most_responded?v=2&amp;max-results=50&amp;time=this_week" />
    <categoryLeaf title="This Month" description="This Month" feed="http://gdata.youtube.com/feeds/api/standardfeeds/most_responded?v=2&amp;max-results=50&amp;time=this_month" />
    <categoryLeaf title="All Time" description="All Time" feed="http://gdata.youtube.com/feeds/api/standardfeeds/most_responded?v=2&amp;max-results=50&amp;time=all_time" />
  </category>
</categories>